insert into Category (CATEGORY_ID, CAT_NAME, PARENT_CATEGORY_ID, CREATED_ON) values ('1', 'Foo', null, '2006-06-26 13:45:00')
insert into Category (CATEGORY_ID, CAT_NAME, PARENT_CATEGORY_ID, CREATED_ON) values ('2', 'FooA', '1', '2006-06-26 13:45:00')
insert into Category (CATEGORY_ID, CAT_NAME, PARENT_CATEGORY_ID, CREATED_ON) values ('3', 'FooB', '1', '2006-06-26 13:45:00')
insert into Category (CATEGORY_ID, CAT_NAME, PARENT_CATEGORY_ID, CREATED_ON) values ('4', 'FooC', '1', '2006-06-26 13:45:00')
insert into Category (CATEGORY_ID, CAT_NAME, PARENT_CATEGORY_ID, CREATED_ON) values ('5', 'FooA1', '2', '2006-06-26 13:45:00')
insert into Category (CATEGORY_ID, CAT_NAME, PARENT_CATEGORY_ID, CREATED_ON) values ('6', 'FooA2', '2', '2006-06-26 13:45:00')
insert into Category (CATEGORY_ID, CAT_NAME, PARENT_CATEGORY_ID, CREATED_ON) values ('7', 'Bar', null, '2006-06-26 13:45:00')
insert into Category (CATEGORY_ID, CAT_NAME, PARENT_CATEGORY_ID, CREATED_ON) values ('8', 'BarA', '7', '2006-06-26 13:45:00')
insert into Category (CATEGORY_ID, CAT_NAME, PARENT_CATEGORY_ID, CREATED_ON) values ('9', 'BarB', '7', '2006-06-26 13:45:00')
insert into ITEM (ITEM_ID, ITEM_NAME, DESCRIPTION, CREATED_ON) values ('1', 'TestItem One for Auction', 'This is the description of TestItem One', '2006-06-26 13:45:00')
insert into ITEM (ITEM_ID, ITEM_NAME, DESCRIPTION, CREATED_ON) values ('2', 'Item Nr. Two', 'This is the description of TestItem Two', '2006-06-27 13:45:00')
insert into ITEM (ITEM_ID, ITEM_NAME, DESCRIPTION, CREATED_ON) values ('3', 'Item Three', 'This is the description of TestItem Three', '2006-06-28 13:45:00')
insert into CATEGORY_ITEM (ITEM_ID, CATEGORY_ID) values ('1', '1')
insert into CATEGORY_ITEM (ITEM_ID, CATEGORY_ID) values ('1', '3')
insert into CATEGORY_ITEM (ITEM_ID, CATEGORY_ID) values ('2', '1')
insert into CATEGORY_ITEM (ITEM_ID, CATEGORY_ID) values ('2', '2')
insert into CATEGORY_ITEM (ITEM_ID, CATEGORY_ID) values ('2', '8')
insert into CATEGORY_ITEM (ITEM_ID, CATEGORY_ID) values ('3', '1')


